{"x": -1.5401905814514143, "y": -0.2008094724012246, "z": -0.005295694301098366, "w": 0.9999811782127377}