{"x": -1.5187689113925464, "y": -0.20919978131647674, "z": -0.007253659481744713, "w": 0.9999689270368958}